full_name,stars,watchers,forks,stars_delta,watchers_delta,forks_delta,url
anthropics/claude-code,48834,48834,3442,60,60,4,https://github.com/anthropics/claude-code
shareAI-lab/analysis_claude_code,11761,11761,3060,-1,-1,0,https://github.com/shareAI-lab/analysis_claude_code
musistudio/claude-code-router,24069,24069,1898,7,7,1,https://github.com/musistudio/claude-code-router
hesreallyhim/awesome-claude-code,18698,18698,1060,13,13,0,https://github.com/hesreallyhim/awesome-claude-code
davila7/claude-code-templates,13847,13847,1200,14,14,0,https://github.com/davila7/claude-code-templates
anthropics/claude-code-action,4446,4446,1296,2,2,0,https://github.com/anthropics/claude-code-action
diet103/claude-code-infrastructure-showcase,7872,7872,1053,2,2,1,https://github.com/diet103/claude-code-infrastructure-showcase
VoltAgent/awesome-claude-code-subagents,6366,6366,687,13,13,1,https://github.com/VoltAgent/awesome-claude-code-subagents
OneRedOak/claude-code-workflows,3333,3333,497,4,4,1,https://github.com/OneRedOak/claude-code-workflows
kodu-ai/claude-coder,5291,5291,200,0,0,0,https://github.com/kodu-ai/claude-coder
1rgs/claude-code-proxy,2693,2693,369,1,1,0,https://github.com/1rgs/claude-code-proxy
Maciek-roboblog/Claude-Code-Usage-Monitor,5992,5992,292,0,0,1,https://github.com/Maciek-roboblog/Claude-Code-Usage-Monitor
Yuyz0112/claude-code-reverse,1857,1857,329,0,0,1,https://github.com/Yuyz0112/claude-code-reverse
disler/claude-code-hooks-mastery,1983,1983,430,1,1,0,https://github.com/disler/claude-code-hooks-mastery
zebbern/claude-code-guide,2814,2814,247,3,3,0,https://github.com/zebbern/claude-code-guide
Cranot/claude-code-guide,2221,2221,245,0,0,0,https://github.com/Cranot/claude-code-guide
Piebald-AI/claude-code-system-prompts,2121,2121,345,9,9,3,https://github.com/Piebald-AI/claude-code-system-prompts
anthropics/claude-code-base-action,540,540,597,0,0,-1,https://github.com/anthropics/claude-code-base-action
obra/superpowers,11969,11969,975,44,44,4,https://github.com/obra/superpowers
eyaltoledano/claude-task-master,24448,24448,2368,6,6,2,https://github.com/eyaltoledano/claude-task-master
fuergaosi233/claude-code-proxy,1793,1793,242,1,1,0,https://github.com/fuergaosi233/claude-code-proxy
Pimzino/claude-code-spec-workflow,3241,3241,235,1,1,0,https://github.com/Pimzino/claude-code-spec-workflow
wshobson/agents,23523,23523,2606,11,11,3,https://github.com/wshobson/agents
anthropics/claude-code-security-review,2759,2759,205,0,0,0,https://github.com/anthropics/claude-code-security-review
davepoon/claude-code-subagents-collection,2082,2082,231,0,0,0,https://github.com/davepoon/claude-code-subagents-collection
siteboon/claudecodeui,5162,5162,657,0,0,0,https://github.com/siteboon/claudecodeui
github/spec-kit,58030,58030,5050,33,33,0,https://github.com/github/spec-kit
https-deeplearning-ai/sc-claude-code-files,340,340,425,0,0,-1,https://github.com/https-deeplearning-ai/sc-claude-code-files
ghuntley/claude-code-source-code-deobfuscation,762,762,386,0,0,0,https://github.com/ghuntley/claude-code-source-code-deobfuscation
anthropics/skills,27567,27567,2525,63,63,7,https://github.com/anthropics/skills
lst97/claude-code-sub-agents,1255,1255,210,0,0,0,https://github.com/lst97/claude-code-sub-agents
rizethereum/claude-code-requirements-builder,1717,1717,170,0,0,0,https://github.com/rizethereum/claude-code-requirements-builder
feiskyer/claude-code-settings,968,968,154,1,1,0,https://github.com/feiskyer/claude-code-settings
nishimoto265/Claude-Code-Communication,463,463,216,0,0,0,https://github.com/nishimoto265/Claude-Code-Communication
sugyan/claude-code-webui,771,771,173,0,0,0,https://github.com/sugyan/claude-code-webui
edmund-io/edmunds-claude-code,735,735,156,1,1,0,https://github.com/edmund-io/edmunds-claude-code
andrepimenta/claude-code-chat,940,940,137,0,0,0,https://github.com/andrepimenta/claude-code-chat
winfunc/opcode,19490,19490,1495,2,2,0,https://github.com/winfunc/opcode
centminmod/my-claude-code-setup,1475,1475,136,0,0,0,https://github.com/centminmod/my-claude-code-setup
peterkrueck/Claude-Code-Development-Kit,1260,1260,143,0,0,0,https://github.com/peterkrueck/Claude-Code-Development-Kit
ComposioHQ/awesome-claude-skills,11611,11611,1227,158,158,11,https://github.com/ComposioHQ/awesome-claude-skills
steipete/claude-code-mcp,966,966,109,0,0,0,https://github.com/steipete/claude-code-mcp
EnzeD/vibe-coding,3260,3260,854,1,1,2,https://github.com/EnzeD/vibe-coding
revfactory/claude-code-mastering,729,729,117,0,0,0,https://github.com/revfactory/claude-code-mastering
darcyegb/ClaudeCodeAgents,425,425,38,0,0,0,https://github.com/darcyegb/ClaudeCodeAgents
wasabeef/claude-code-cookbook,883,883,102,0,0,0,https://github.com/wasabeef/claude-code-cookbook
disler/claude-code-hooks-multi-agent-observability,862,862,267,2,2,0,https://github.com/disler/claude-code-hooks-multi-agent-observability
Njengah/claude-code-cheat-sheet,1061,1061,128,0,0,0,https://github.com/Njengah/claude-code-cheat-sheet
JessyTsui/Claude-Code-Remote,906,906,96,2,2,0,https://github.com/JessyTsui/Claude-Code-Remote
0xfurai/claude-code-subagents,593,593,117,0,0,0,https://github.com/0xfurai/claude-code-subagents
opactorai/Claudable,3477,3477,539,3,3,1,https://github.com/opactorai/Claudable
router-for-me/CLIProxyAPI,3757,3757,598,12,12,3,https://github.com/router-for-me/CLIProxyAPI
kn1026/cc,697,697,266,0,0,0,https://github.com/kn1026/cc
superdesigndev/superdesign,5590,5590,644,3,3,1,https://github.com/superdesigndev/superdesign
zed-industries/claude-code-acp,634,634,91,2,2,0,https://github.com/zed-industries/claude-code-acp
anthropics/claude-agent-sdk-python,3688,3688,492,0,0,0,https://github.com/anthropics/claude-agent-sdk-python
severity1/claude-code-prompt-improver,1006,1006,94,0,0,0,https://github.com/severity1/claude-code-prompt-improver
EveryInc/compound-engineering-plugin,3158,3158,267,8,8,1,https://github.com/EveryInc/compound-engineering-plugin
slopus/happy,5692,5692,441,3,3,3,https://github.com/slopus/happy
lyconear/Claude-Code,3,3,142,0,0,0,https://github.com/lyconear/Claude-Code
greggh/claude-code.nvim,1650,1650,50,0,0,0,https://github.com/greggh/claude-code.nvim
ericbuess/claude-code-docs,513,513,83,0,0,0,https://github.com/ericbuess/claude-code-docs
Matt-Dionis/claude-code-configs,575,575,79,0,0,0,https://github.com/Matt-Dionis/claude-code-configs
catlog22/Claude-Code-Workflow,733,733,67,0,0,0,https://github.com/catlog22/Claude-Code-Workflow
coleam00/context-engineering-intro,11966,11966,2534,1,1,0,https://github.com/coleam00/context-engineering-intro
alirezarezvani/claude-code-tresor,328,328,91,0,0,0,https://github.com/alirezarezvani/claude-code-tresor
d-kimuson/claude-code-viewer,726,726,62,1,1,0,https://github.com/d-kimuson/claude-code-viewer
steipete/agent-rules,5416,5416,484,3,3,0,https://github.com/steipete/agent-rules
manzaltu/claude-code-ide.el,1205,1205,63,1,1,0,https://github.com/manzaltu/claude-code-ide.el
anthropics/claude-agent-sdk-demos,862,862,139,1,1,0,https://github.com/anthropics/claude-agent-sdk-demos
zsio/claude-code-hub,138,138,119,1,1,0,https://github.com/zsio/claude-code-hub
UfoMiao/zcf,4913,4913,344,-1,-1,0,https://github.com/UfoMiao/zcf
numman-ali/openskills,3390,3390,249,6,6,1,https://github.com/numman-ali/openskills
oraios/serena,17727,17727,1215,12,12,3,https://github.com/oraios/serena
gurusup/claude-code-demo,64,64,152,1,1,0,https://github.com/gurusup/claude-code-demo
hesreallyhim/a-list-of-claude-code-agents,1090,1090,106,0,0,0,https://github.com/hesreallyhim/a-list-of-claude-code-agents
jeremylongshore/claude-code-plugins-plus-skills,789,789,90,21,21,1,https://github.com/jeremylongshore/claude-code-plugins-plus-skills
stretchcloud/claude-code-unified-agents,712,712,68,1,1,0,https://github.com/stretchcloud/claude-code-unified-agents
Dicklesworthstone/claude_code_agent_farm,604,604,71,0,0,0,https://github.com/Dicklesworthstone/claude_code_agent_farm
pchalasani/claude-code-tools,641,641,51,4,4,1,https://github.com/pchalasani/claude-code-tools
daaain/claude-code-log,586,586,53,0,0,0,https://github.com/daaain/claude-code-log
MadAppGang/claude-code,186,186,17,1,1,0,https://github.com/MadAppGang/claude-code
IncomeStreamSurfer/claude-code-agents-wizard-v2,304,304,155,0,0,0,https://github.com/IncomeStreamSurfer/claude-code-agents-wizard-v2
iannuttall/claude-agents,1947,1947,260,0,0,0,https://github.com/iannuttall/claude-agents
cexll/myclaude,1416,1416,192,2,2,0,https://github.com/cexll/myclaude
stevemolitor/claude-code.el,554,554,49,0,0,0,https://github.com/stevemolitor/claude-code.el
disler/claude-code-is-programmable,277,277,89,0,0,0,https://github.com/disler/claude-code-is-programmable
cjo4m06/mcp-shrimp-task-manager,1937,1937,235,0,0,0,https://github.com/cjo4m06/mcp-shrimp-task-manager
nikivdev/research,4850,4850,567,0,0,0,https://github.com/nikivdev/research
ericc-ch/copilot-api,1824,1824,310,1,1,1,https://github.com/ericc-ch/copilot-api
sst/opencode,42622,42622,3654,78,78,9,https://github.com/sst/opencode
BeehiveInnovations/pal-mcp-server,10642,10642,902,2,2,0,https://github.com/BeehiveInnovations/pal-mcp-server
humanlayer/humanlayer,8169,8169,678,7,7,1,https://github.com/humanlayer/humanlayer
seifghazi/claude-code-proxy,322,322,53,0,0,0,https://github.com/seifghazi/claude-code-proxy
omnara-ai/omnara,2558,2558,184,1,1,0,https://github.com/omnara-ai/omnara
9j/claude-code-mux,418,418,44,0,0,0,https://github.com/9j/claude-code-mux
SuperClaude-Org/SuperClaude_Framework,19493,19493,1695,8,8,0,https://github.com/SuperClaude-Org/SuperClaude_Framework
kxn/claude-code-companion,299,299,49,0,0,0,https://github.com/kxn/claude-code-companion
foreveryh/claude-code-switch,323,323,46,0,0,0,https://github.com/foreveryh/claude-code-switch
czlonkowski/n8n-mcp,11062,11062,2041,0,0,0,https://github.com/czlonkowski/n8n-mcp
